{"version":"1.19.0","desc":"新增\n- 新增对播放详情页歌词大小、是否缩放、对齐方式的设置，可以去设置-播放详情页设置查看\n- 新增播放详情页通过歌词调整播放进度，默认关闭，需要到设置-播放详情页设置开启，开启后在播放详情页拖动歌词时将会出现跳转当前行歌词播放的按钮\n- 新增全屏状态，按F11可以进入、退出全屏状态，由于全屏时会隐藏控制栏按钮，所以需要使用鼠标右键双击（详情页的任意地方都可以）来关闭播放详情页\n- 新增动态主题“道法自然”，你可以预先设置一个亮色主题及暗色主题，此后将根据系统的亮、暗主题色自动切换为你预先设置的相应主题。注：鼠标 右击 此主题项即可打开亮、暗色主题设置窗口。\n- 新增对kw源卡拉OK歌词的支持\n\n优化\n- 优化Windows任务栏缩略图工具栏控制按钮在浅色任务栏下的显示效果\n- 添加音频可视化与音频输出设备冲突的提示\n- 优化歌词的播放偏移\n- 优化托盘菜单操作（#686）\n- 优化播放下载列表时的切歌性能\n\n修复\n- 修复“当前的声音输出设备被改变时暂停播放歌曲”设置无效的问题\n- 修复桌面歌词没有处理停止播放状态的问题\n- 修复AppImage包无法运行的问题\n- 修复Windows任务栏缩略图工具栏控制按钮的歌曲收藏按钮状态更新问题\n- 修复使用链接导入的歌单无法在我的列表打开原歌单详情页的问题\n- 修复播放下载列表的歌曲时增删下载任务导致正在的歌曲序号改变时，不会更新到新增序号的问题\n\n文档\n添加LX中定义的快捷操作汇总说明到常见问题中，这是目前可用的鼠标、键盘快捷操作，它们都可以在更新日志中找到\n\n- 鼠标右击播放栏的歌曲图片封面可以定位当前播放的歌曲\n- 鼠标右击播放栏进度条上的LRC按钮可以锁定/解锁桌面歌词\n- 歌曲搜索框、歌单链接输入框内鼠标右击可以将当前剪贴板上的文字粘贴到输入框内\n- 鼠标右击搜索界面中的单条搜索历史可以将其移除\n- 歌曲列表内的文字在选中后，鼠标右击可以复制已选中的文字，此功能只对搜索、歌单、排行榜、我的列表中的列表有效\n- 鼠标在播放详情页内右键双击可以关闭播放详情页\n- 鼠标左击播放栏上的歌曲名字可以将它复制\n- 鼠标右击“道法自然（英文Auto）”主题可以打开亮、暗主题设置窗口\n- 歌曲搜索框的候选内容可以用键盘上下方向键选择，按回车键搜索已选内容\n- 在歌单详情页按退格键可以返回歌单列表\n- 歌曲列表中可以使用Ctrl、Shift键进行多选，这类似Windows下的文件选择，详情看常见问题列表多选部分\n- 在我的列表内可以使用Ctrl+f键打开搜索框进行列表内歌曲搜索，搜索框按Esc键可以关闭搜索框，搜索框内按上下方向键可以选择歌曲，按回车键跳转到已选歌曲，按Ctrl+回车可以跳转并播放已选歌曲\n- 在我的列表按住Ctrl键可以进入列表拖动模式，此时可以用鼠标拖动列表调整列表的位置\n- 编辑列表名时按Esc键可以取消编辑\n- 按F11可以进入、退出全屏状态","history":[{"version":"1.18.0","desc":"新增\n- 新增“双击列表里的歌曲时自动切换到当前列表播放”设置，此功能仅对歌单、排行榜有效，默认关闭\n- 新增打开收藏的在线列表的对应平台详情页功能，可以在我的列表-列表右键菜单中使用\n- 新增定时暂停播放功能，由于此功能大多数人可能不常用，所以将其放在设置-基本设置中\n- 新增任务栏缩略图工具栏控制按钮（此功能仅在Windows平台可用），按钮分别为收藏/取消收藏（将歌曲添加到“我的收藏”列表）、上一曲、播放/暂停、下一曲\n- 新增设置-基本设置-软件字体设置，此设置可用于设置主界面的字体（已知的问题：Windows 7 下可能会出现字体列表为空的情况，这是当前系统的 Powershell 版本小于5.1导致的，请自行尝试看常见解决）\n- 新增Scheme URL对音乐搜索的调用支持，详情看常见问题-Scheme URL支持\n- 新增Scheme URL以url传参的方式调用，详情看常见问题-Scheme URL支持\n- 自定义源新增更新弹窗方法，同时自定义源管理新增是否允许源显示更新弹窗设置（出于防止滥用考虑），当源作者想要通知用户源已更新时，可以调用此方法弹窗告诉用户，调用说明看常见问题-自定义源部分\n\n优化\n- 过滤tx源某些不支持播放的歌曲，解决播放此类内容会导致意外的问题\n- 把歌曲的热门评论与最新评论拆分成两个列表显示\n\n修复\n- 修复排行榜名字右击菜单的播放功能在播放非激活的列表时的列表获取问题\n- 修复修改列表名时无法使用`Ctrl`键的问题\n- 修复wy源某些歌曲获取歌词翻译的问题处理\n- 修复下载功能的歌词换源时会进入死循环的问题\n- 修复某些歌曲无法下载的问题\n- 修复windows平台下软件目录存在`portable`文件夹时，仍会创建`C:\\Users\\<user>\\AppData\\Roaming\\lx-music-desktop\\Dictionaries\\en-US-9-0.bdic`文件的问题，现在不会再创建文件，但仍会创建空目录（Electron的问题，目前暂无解决方法）\n- 修复播放器的停止逻辑问题\n\n其他\n- 更新electron到v13.6.9"},{"version":"1.17.1","desc":"优化\n- 优化kw源英文与翻译歌词的匹配\n\n修复\n- 修复快捷键与默认按键行为冲突的问题，现在若将某些有默认行为的按键（如在列表中上、下箭头、Home、End等键可以使列表滚动）设置为快捷键时，将禁用其默认行为\n- 修复列表的聚焦问题，现在在列表中使用上、下箭头、空格等键滚动列表时不会导致滚动到一定距离后丢失焦点的问题\n\n其他\n- 更新electron到v13.6.8"},{"version":"1.17.0","desc":"新增\n- 新增“便携”功能，在Windows平台下，若程序目录下存在 portable 目录，则自动使用此目录作为数据存储目录\n- 新增 Scheme URL 支持，同时发布lx-music-script项目配合使用（一个油猴脚本，可以在浏览器中的官方平台网页直接调用LX Music），Scheme URL的调用说明看Readme.md文档的Scheme URL支持部分\n- 新增启动参数`-proxy-server`与`-proxy-bypass-list`，详细介绍看Readme.md文档的启动参数部分\n- 新增桌面歌词是否延迟滚动设置，默认开启，若你不想要桌面歌词延迟滚动可以去设置-桌面歌词设置关掉\n\n优化\n- 为可视化音频的频谱整体添加频谱均值加成，使频谱显示更有节奏感\n- 优化程序初始化逻辑，修复无网络的情况下的初始化问题\n- 我的列表-列表名的右击菜单更新已收藏的在线列表时，将始终重新加载，不再使用缓存，解决在原平台更新歌单后，在LX点击更新可能看到的还是在原平台更新前的歌单的问题\n\n修复\n- 修复代理不生效的问题\n- 修复`openDevTools`选项无效的问题\n- 修复播放状态的提示问题\n- 修复tx源无搜索结果的问题\n\n其他\n- 更新 Electron 到 v13.6.7"},{"version":"1.16.0","desc":"这算是一个大版本，对主窗口部分的代码逻辑做了较大改动，但由于界面的改动不大，所以没有更新大版本号。\n虽然经过一个月的测试与问题修复，但可能仍然存在未发现的问题，若你发现某些界面异常、某些行为与旧版本存在差异等问题，欢迎反馈！\n另外祝大家元旦快乐~！\n\n新增\n- 播放详情页新增音量控制条\n- 播放详情页新增桌面歌词切换按钮\n- 新增将我的列表保存为TXT、CSV格式，可以去设置-备份与恢复中使用（注意：此类格式的备份目前不支持恢复到LX Music中）\n- 新增根据歌曲名、歌手名等字段对列表自动排序的功能，可以在我的列表右击列表名弹出的菜单中使用\n- 新增将播放与下载的歌词转换为繁体中文选项，默认关闭，可在设置-播放设置中开启\n- 现在已允许进入临时播放列表，即：使用歌单详情页、排行榜名称右键菜单的“播放”按钮播放歌曲时，可右击播放封面进入此临时列表\n- 播放详情页新增音频可视化功能（实验性）\n- 我的列表新增拖动调整位置功能，按住Ctrl键（Mac上对应Command键）的时候将进入“拖动模式”，此时可以拖动列表的位置来调整顺序\n\n优化\n- 优化列表性能，软件整体性能\n- 调整Mac平台下的图标大小\n- 同步功能添加对列表顺序调整的控制，确保手动调整位置后的列表与不同的电脑同步时，列表位置不会被还原\n- 优化歌单详情、排行榜名右键的播放按钮的播放机制，现在不用等待整个列表（多页时）加载完成才能播放了\n- 为播放详情页、桌面歌词添加延迟滚动，播放详情页略微减小已激活歌词的缩放大小及桌面歌词翻译大小\n- 修改右边控制按钮为windows风格\n- 更新了新年皮肤的背景与配色，欢迎体验~\n\n修复\n- 修复kw源某些歌曲的歌词提取异常的问题\n\n变更\n- 现在使用繁体中文语言时将不再自动转换歌词，转换行为将由上面新增的转换开关控制\n\n移除\n- 移除我的列表右键菜单的“上移、下移列表”功能，调整改用新增的拖动功能去调整位置\n\n其他\n- 升级vue到 3.x"},{"version":"1.15.3","desc":"修复\n- 修复设置-控制按钮位置选项与下载歌词编码格式选项命名冲突导致选项显示异常的问题\n- 修复播放下载列表时存在失效的歌曲会导致切歌不准确的问题\n- 修复潜在的音乐加载超时不会切歌的问题\n- 修复因kw源歌词接口停用导致该源歌词获取失败的问题"},{"version":"1.15.2","desc":"其他\n- 降级electron到v13.4.0（这修复了windows 7下播放歌曲时软件会崩溃的问题）"},{"version":"1.15.1","desc":"优化\n- 优化我的列表、下载列表等列表的滚动流畅度\n- 优化下载功能的批量添加、删除、暂停任务时的流畅度，现在进行这些操作应该不会再觉得卡顿了\n- 支持启动软件时恢复播放下载列表里的歌曲\n- 添加媒体播放进度条的信息设置\n\n修复\n- 修复某些情况下获取URL失败时会意外切歌的问题\n- 修复了某些情况下会列表同步失败，导致连接断开无限重连或一直卡在 `syncing...` 的问题\n- 修复列表数据过大导致同步失败的问题\n\n其他\n- 更新electron到v15.3.1（这修复了媒体控制失效的问题）"},{"version":"1.15.0","desc":"新增\n- 添加黑色托盘图标\n- 自定义源新增`version`字段，新增`utils.buffer.bufToString`方法\n\n优化\n- 大幅优化我的列表、下载、歌单、排行榜列表性能，现在即使同一列表内的歌曲很多时也不会卡顿了\n- 优化列表同步代码逻辑\n- 优化开关评论时的动画性能\n- 优化进入、离开播放详情页的性能\n- 兼容桌面歌词以触摸的方式移动、调整大小\n- 调整图标尺寸\n\n修复\n- 修复kg源的歌单链接无法打开的问题\n- 修复同一首歌的URL、歌词等同时需要换源时的处理问题\n\n其他\n- 更新 Electron 到 v15.3.0"},{"version":"1.14.1","desc":"修复\n- 修复我的列表搜索无法搜索小括号、中括号等字符的问题\n- 修复v1.14.0出现的备份与恢复功能备份的数据无法恢复的问题，同时兼容使用v1.14.0导出的存在问题的数据"},{"version":"1.14.0","desc":"新增\n- 新增歌词简体中文转繁体中文，当软件语言被设置为繁体中文后，播放歌曲的歌词也将自动转成繁体中文显示\n- 新增单个列表导入/导出功能，可以方便分享歌曲列表，可在右击“我的列表”里的列表名后弹出的菜单中使用\n- 新增删除列表前的确认弹窗，防止误删列表\n- 新增歌词文本选择复制功能，可在详情页进度条上方的歌词文本选择按钮进入歌词文本选择模式，选择完成后可鼠标右击或者使用系统快捷键复制\n- 新增重复歌曲列表，可以方便移除我的列表中的重复歌曲，此列表会列出目标列表里歌曲名相同的歌曲，可在右击“我的列表”里的列表名后弹出的菜单中使用\n\n修复\n- 修复mg排行榜无法加载的问题\n- 修复点击播放详情页的进度条跳进度时会出现偏移的问题\n- 修复在有提示信息的地方长按鼠标按键时提示信息会闪烁的问题\n- 修复下载歌曲时的歌词下载不尝试获取缓存歌词的问题\n- 修复GNOME等桌面下每次打开应用时需重新设置歌词窗口置顶的问题"},{"version":"1.13.0","desc":"如果你喜欢并经常使用洛雪音乐，并想要第一时间尝鲜洛雪的新功能，可以加入测试企鹅群768786588，\n注意：测试版的功可能会不稳定，打算潜水的勿加。\n\n新增\n- 歌曲搜索框新增清理按钮，点击此按钮可以清理搜索框并返回初始搜索界面\n- 新增“下载的歌词文件编码格式”设置，默认下载的歌词编码仍是`UTF-8`，对于某些在设备(如车机)上出现歌词中文乱码的用户可以尝试选择以`GBK`编码格式保存歌词文件\n- 新增设置-桌面歌词-歌词字体设置，此设置可用于设置桌面歌词的字体（已知的问题：Windows 7 下可能会出现字体列表为空的情况，这是当前系统的 Powershell 版本小于5.1导致的，请自行**尝试**看常见解决）\n\n优化\n- 支持网易源“我喜欢”歌单以注入token的方式打开。由于网易源的“我喜欢”歌单需要登录才能打开（若你看不懂后半句就去阅读 常见问题-无法打开外部歌单），现若想要打开此类歌单，需要在歌单链接后面拼上 `###` 再加上有效的token，拼接格式：`[id|url]###token`，例子（最后面的xxxxxx替换成你的token）：`https://music.163.com/#/playlist?id=123456&userid=123456###xxxxxx`\n- 软件内快捷键的最小化触发时，如果已启用托盘，则隐藏程序，否则最小化程序\n\n修复\n- 修复某些情况下同步功能会导致切歌混乱的问题\n- 修复从电脑浏览器复制的企鹅歌单链接无法打开的问题"},{"version":"1.12.2","desc":"修复\n- 修复播放下载列表的歌曲时切歌的问题\n- 修复播放下载列表的歌曲时歌词无法显示的问题\n- 修复下载列表稍后播放功能无效的问题\n- 修复同步服务器启动失败时，关闭同步服务不会清空失败信息的问题"},{"version":"1.12.1","desc":"修复\n- 修复随机播放下无法切歌的问题"},{"version":"1.12.0","desc":"新增\n- 新增局域网同步功能（实验性，首次使用前建议先备份一次列表），此功能需要配合PC端使用，移动端与PC端处在同一个局域网（路由器的网络）下时，可以多端实时同步歌曲列表，使用问题请看\"常见问题\"。\n\n优化\n- 添加播放器对系统媒体控制与显示的兼容处理，现在在windows下的锁屏界面可以正确显示当前播放的音乐信息及切换歌曲了\n\n修复\n- 修复导入kg歌单最多只能加载100、500首歌曲的问题。注：现在可以加载1000+首歌曲的歌单，但出于未知原因会导致部分歌曲无法加载（可能是无版权导致的），目前酷狗码仍然最多只能加载500首歌\n- 修复某些情况下所显示的歌词、封面图片与当前正在播放的歌曲不一致的问题"},{"version":"1.11.0","desc":"新增\n- 添加 win arm64 架构的安装包构建\n- 新增“添加歌曲到列表时的位置”设置，可选项为列表的“顶部”与“底部”\n\n优化\n- 优化网络请求，尝试去解决无法连接服务器的问题\n- 优化mg源打开歌单的链接兼容\n\n修复\n- 修复mg源搜索失效的问题\n\n移除\n- 因wy源的歌单列表已没有“最新”排序的选项，所以现跟随移除wy源歌单列表按“最新”排序的按钮\n\n变更\n- 添加歌曲到列表时从原来的底部改为顶部，若你想要将你的列表歌曲顺序反转以适应这一变更，可先按住`shift`键的情况下点击列表的最后一首歌，然后再点击列表的第一首歌，完成倒序选中，最后随便右击列表的任意一首歌，在弹出的菜单中选择调整顺序，在弹出框输入1后确定即可反转列表。\n若你想要恢复原来的行为则可以去更改“添加歌曲到列表时的位置”设置项。\n\n其他\n- 更新electron到v13.1.7"},{"version":"1.10.2","desc":"修复\n- 修复企鹅音乐搜索歌曲没有结果的问题"},{"version":"1.10.1","desc":"修复\n- 修复企鹅音乐搜索歌曲没有结果的问题\n- 修复播放在空的歌单列表点击播放全部时报错的问题"},{"version":"1.10.0","desc":"lx music移动端已经发布了，使用习惯仍跟桌面版一样，不过功能、界面仍比较简单，有兴趣的可以去体检一下，项目地址：\nhttps://github.com/lyswhut/lx-music-mobile#readme\n\n新增\n- 排行榜界面添加播放、收藏整个排行榜功能，可以右击排行榜名字后，在弹出的右键菜单中使用。注：收藏、播放存在分页的排行榜时需等待操作完成后才能切换排行榜，不然会导致操作中断。\n- 新增Mac arm64位dmg包的构建\n\n修复\n- 修复全局快捷键对桌面歌词无效的问题\n- 修复快捷键设置框内的提示问题\n- 修复在当前正常播放的列表中使用稍后播放功能时，播放完后稍后播放的歌曲后不会恢复原来播放位置播放的问题\n- 修复kw部分歌单无法打开的问题\n- 修复wy源的歌曲音质匹配问题\n- 修复mg源歌单标签、排行榜歌曲列表无法加载的问题\n- 修复了一个歌曲下载失败时不会跳过任务的问题\n\n其他\n- 更新 Electron 到 12.0.8"},{"version":"1.9.0","desc":"新增\n- 新增启动参数`-dhmkh`，此参数将禁用Chromium的Hardware Media Key Handling特性，用于解决漫步者部分型号耳机与本程序冲突导致耳机意外关机的问题\n- 新增Windows arm64位免安装版的构建\n- 新增黑色皮肤“黑灯瞎火”，有关于皮肤配色的建议欢迎反馈\n- 新增自动换源下载功能，默认关闭，当无法从歌曲的原始源下载时，将尝试切换到其他源下载，注：此功能不100%保证换源后的歌曲版本与原版一致\n\n优化\n- 程序启动时对数据文件做读取校验，数据出现损坏时自动备份损坏的数据，若出现数据读取错误的弹窗并出现我的列表丢失时可到GitHub或加群反馈\n- 当设置-代理启用，但主机地址为空的时，将不再使用代理配置进行网络连接，并且在离开设置界面时自动禁用代理\n- 优化歌曲自动换源匹配\n- 分离歌词与歌曲列表信息的保存，以减小列表列表文件损坏的几率\n- 兼容打开咪咕移动端分享的歌单链接，添加打开歌单的信息显示\n\n修复\n- 修复备份与恢复功能在恢复数据时某些设置不立即生效的问题\n- 修正设置页“搜索设置”部分内容的缩进显示问题\n- 修复正在播放“稍后播放”的歌曲时，对“稍后播放”前播放的列表进行添加、删除操作会导致切歌的问题"},{"version":"1.8.2","desc":"### 修复\r\n\r\n- 修复歌曲ID存储变更导致酷狗图片获取失败的问题\n- 修复收藏的在线列表id迁移保存出错的问题"},{"version":"1.8.1","desc":"修复\n- 修复歌词翻译的主题颜色适配问题"},{"version":"1.8.0","desc":"新增\n- 新增设置-其他-列表缓存信息清理功能，注：此功能一般情况下不要使用\n- 新增启动参数`-play`，可以在启动软件时播放指定歌单，使用方法看Readme.md的\"启动参数\"部分\n- 新增逐字歌词播放，默认开启，可到设置界面关闭，注：本功能目前仅对酷狗源的歌曲有效\n- 新增自定义源功能，源编写规则可以去常见问题查看\n\n优化\n- 允许播放除了搜索列表以外的所有歌曲，即原来没有播放按钮或者灰色的歌曲都可以去尝试点击播放。注：该功能的原理是尝试自动切换到其他源播放，所以不一定会播放成功，特别是对于那些独家的资源\n- 优化单首歌曲的“添加到列表”弹窗歌曲列表状态的显示；现在在收藏单首歌曲时，若列表存在本歌曲则列表名字将变成灰色不可点击状态。总的来说，在添加单首歌曲时若列表名是灰色，则证明当前歌曲已在那个列表中\n- 将歌词翻译放到原文的下方，同时新增当前播放翻译的高亮功能\n\n移除\n- 移除虾米源。注：虽然已移除该源，但仍可尝试去播放之前添加的歌曲，虽然不一定会成功\n\n修复\n- 修复音乐搜索列表的稍后播放功能无效的问题\n- 修复搜索列表双击不支持播放的源时会导致切歌的问题\n- 修复歌单列表加载失败时无法进入歌单打开界面的问题\n- 修复mg源歌单列表无法加载的问题\n- 修复kg跳转到官方歌曲详情页的歌曲无法播放的问题\n- 修复我的列表的歌曲添加到其他列表时不排除当前列表的问题\n- 修复在下载列表右击未下载完成的歌曲弹出的右击菜单中没有开始下载选项的问题\n\n变更\n- 歌词翻译显示功能修改为默认关闭，注：此变更仅影响首次安装软件的用户\n\n其他\n- 更新electron到v9.4.4"},{"version":"1.7.1","desc":"修复\n- 修复非透明模式下右侧滚动条无法拖动的问题\n- 修复MAC下xm音乐滑块验证问题"},{"version":"1.7.0","desc":"<h3>新增</h3>\n<ul>\n<li>搜索界面新增搜索状态的提示</li>\n<li>新增“稍后播放”功能，可在歌曲列表右键菜单使用</li>\n<li>新增“记住播放进度”功能的控制，该功能默认不再开启，可到播放设置-记住播放进度开启</li>\n</ul>\n<h3>优化</h3>\n<ul>\n<li>优化播放歌曲换源匹配</li>\n<li>优化设置界面设置项的展示</li>\n</ul>\n<h3>修复</h3>\n<ul>\n<li>修复快速切换歌曲时, 会出现播放的歌曲和界面展示的歌曲不一致的问题</li>\n<li>修复了一个由版本更新日志显示导致的潜在远程代码执行攻击漏洞，该漏洞影响v1.6.1及之前的所有版本，请务必更新到最新版本</li>\n<li>修复xm搜索源验证问题</li>\n</ul>\n<h3>其他</h3>\n<ul>\n<li>更新electron到9.4.2</li>\n</ul>\n"},{"version":"1.6.1","desc":"<h3>优化</h3>\n<ul>\n<li>改进自动换源时的歌曲匹配</li>\n</ul>\n<h3>修复</h3>\n<ul>\n<li>修复某些情况下自动换源的时间过长时会终止换源自动切歌的问题</li>\n<li>修复自动换源导致的搜索列表每页变成10条数据的问题</li>\n<li>降级electron到9.3.3修复部分系统没有声音的问题</li>\n</ul>\n"},{"version":"1.6.0","desc":"<h3>新增</h3>\n<ul>\n<li>我的列表右键菜单新增列表排序功能，可调整单曲、多选后的歌曲的顺序。注意：多选排序还将会按照选中歌曲时的顺序排序</li>\n<li>添加鼠标提示的自动关闭功能，鼠标长时间（目前是10秒）不动时鼠标提示将会自动关闭</li>\n<li>添加鼠标指向歌曲封面的提示（对于进度条左边的歌曲封面，你可能不知道的操作-&gt;右击在“我的列表”定位当前播放的歌曲）</li>\n<li>隐藏播放详情页按钮添加快速隐藏详情页提示（你可能不知道的操作-&gt;在播放详情页内的任意非窗口可拖动区域右键双击可以快速隐藏详情页）</li>\n<li>添加桌面歌词字体、透明度调整按钮微调提示（你可能不知道的操作-&gt;对于字体、透明度可右击微调）</li>\n<li>我的列表右键菜单添加搜索当前歌曲功能</li>\n<li>新增<code>-dha</code>参数，添加此启动参数将禁用硬件加速启动（Disable Hardware Acceleration），窗口显示有问题时可以尝试添加此参数启动，Linux系统的界面显示有问题时可尝试添加此参数启动，若不行可尝试添加<code>-dt</code>参数启动</li>\n<li>新增播放自动换源功能~</li>\n</ul>\n<h3>变更</h3>\n<ul>\n<li><code>-nt</code>参数更名为<code>-dt</code>（Disable Transparent），目前原来的<code>-nt</code>参数仍然可用，但将在后续的版本中移除</li>\n</ul>\n<h3>修复</h3>\n<ul>\n<li>修复恢复上次播放的歌曲时在随机播放模式下不把恢复播放的歌曲放入已播放队列的问题（该问题会导致随机模式下会导致未播放完整个列表前就会再次随机到该歌曲，以及无法通过上一曲切回该歌曲）</li>\n<li>修复音乐嵌入的封面在 Mac 系统无法显示的问题</li>\n<li>修复<code>-dt</code>（原来的<code>-nt</code>）启动参数不真正生效的问题</li>\n</ul>\n"},{"version":"1.5.0","desc":"<h3>新增</h3>\n<ul>\n<li>直接从歌单详情收藏的列表新增同步功能。注意：这将会覆盖本地的目标列表，歌曲将被替换成最新的在线列表</li>\n</ul>\n<h3>优化</h3>\n<ul>\n<li>优化软件启动时恢复上一次播放的歌曲进度功能</li>\n</ul>\n<h3>修复</h3>\n<ul>\n<li>修复MAC平台上下载歌曲封面嵌入无法显示的问题</li>\n<li>修复MAC平台首次运行软件最小化、关闭控制按钮默认在右边的问题</li>\n<li>修复酷狗源的某些歌曲没有专辑字段导致的列表加载失败问题</li>\n<li>修复某些酷狗源歌单链接无法打开的问题</li>\n</ul>\n"},{"version":"1.4.1","desc":"<h3>修复</h3>\n<ul>\n<li>修复有歌词翻译与无歌词的音乐间切换会导致歌词翻译残留显示的问题</li>\n<li>修复歌曲URL过期时，等待刷新URL的自动切换歌曲时间间隔太短的问题</li>\n<li>修复某些电脑上的某些歌曲没有声音的问题（升级Electron9.3.4导致的，现降级到9.3.3）</li>\n</ul>\n"},{"version":"1.4.0","desc":"<h3>新增</h3>\n<ul>\n<li>托盘菜单新增显示、隐藏主界面选项，为Linux、MAC版添加托盘菜单</li>\n<li>新增播放进度信息保存</li>\n</ul>\n<h3>优化</h3>\n<ul>\n<li>移除kg源的歌词文件开头的空白字符串</li>\n</ul>\n<h3>修复</h3>\n<ul>\n<li>修复专辑图片无法嵌入的问题</li>\n<li>修复播放状态栏切换“上一首”歌曲按钮提示错误的问题</li>\n<li>修复移动单首歌曲时，如果目标列表存在该歌曲，会导致将源列表与目标列表里的目标歌曲移除</li>\n<li>修复kg源歌曲信息带有单引号等特殊字符被转义的问题</li>\n</ul>\n"},{"version":"1.3.0","desc":"<h3>新增</h3>\n<ul>\n<li>播放详情页新增歌曲评论加载显示（某些平台暂不支持显示子评论）</li>\n</ul>\n<h3>优化</h3>\n<ul>\n<li>修改播放详情页的歌曲图片的显示效果</li>\n</ul>\n<h3>修复</h3>\n<ul>\n<li>修复小芸源音乐搜索结果最多只有20条搜索结果的问题</li>\n</ul>\n"},{"version":"1.2.2","desc":"<h3>修复</h3>\n<ul>\n<li>降级 Electron 到 9.x.x 版本修复 Linux 版桌面歌词窗口变白的问题</li>\n</ul>\n"},{"version":"1.2.1","desc":"<h3>优化</h3>\n<ul>\n<li>Linux版的软件界面默认使用圆角与阴影，顺便修复了桌面歌词窗口变白的问题，已在Ubuntu 18.10测试正常，若显示异常可尝试添加<code>-nt</code>参数启动</li>\n</ul>\n<h3>修复</h3>\n<ul>\n<li>修复聚合搜索的分页问题</li>\n<li>修复代理输入框输入的内容不生效的问题</li>\n</ul>\n"},{"version":"1.2.0","desc":"<p>提前祝大家中秋&amp;国庆快乐~</p>\n<h3>新增</h3>\n<ul>\n<li>播放控制栏开启/关闭桌面歌词按钮 新增右击按钮时锁定/解锁桌面歌词功能</li>\n</ul>\n<h3>优化</h3>\n<ul>\n<li>优化我的列表滚动条位置的保存逻辑</li>\n<li>更新设置-备份与恢复功能的描述</li>\n<li>优化软件内鼠标悬停的提示界面</li>\n</ul>\n<h3>修复</h3>\n<ul>\n<li>修复桌面歌词窗口不允许拖出桌面之外的位置计算偏移Bug</li>\n<li>修复网易云KTV嗨榜无法加载的问题</li>\n<li>修复初始化搜索历史列表功能</li>\n<li>修复重启软件后试听列表与收藏列表无法恢复上次的滚动位置的问题</li>\n<li>修复歌曲封面无法嵌入的Bug</li>\n<li>修复酷狗歌词格式问题</li>\n<li>修复关闭切换动画时从搜索候选列表点击内容无效的问题</li>\n</ul>\n<h3>其他</h3>\n<ul>\n<li>更新 Electron 到 v10.1.3</li>\n</ul>\n"},{"version":"1.1.1","desc":"<h3>修复</h3>\n<ul>\n<li>修复某些情况下桌面歌词不会播放的问题</li>\n</ul>\n"},{"version":"1.1.0","desc":"<h3>新增</h3>\n<ul>\n<li>在歌单详情界面新增播放当前歌单按钮、收藏歌单按钮，注：播放歌单不会将歌曲添加到试听列表</li>\n<li>新增<code>不允许将歌词窗口拖出主屏幕之外</code>的设置项，默认开启，在连接多个屏幕时想要拖动到其他屏幕时可关闭此设置</li>\n<li>新增大部分平台的歌词翻译，感谢 @InoriHimea 提供的<a href=\"https://github.com/lyswhut/lx-music-desktop/issues/296#issuecomment-683285784\">krc解码算法</a></li>\n<li>新增<code>显示歌词翻译</code>设置，默认开启，仅支持某些平台，注：无论该设置是否开启，嵌入或下载歌词时都不会带上翻译</li>\n<li>新增<code>显示切换动画</code>设置，默认开启，关闭时将基本禁用软件内的所有切换动画</li>\n<li>播放状态栏新增桌面歌词的开关、播放模式的切换、歌曲的收藏按钮，Thanks to @andylow for the <a href=\"https://github.com/lyswhut/lx-music-desktop/pull/309\">icon</a>!</li>\n</ul>\n<h3>修复</h3>\n<ul>\n<li>修复使用全局快捷键还原窗口时，窗口没有获取焦点的问题</li>\n<li>修复我的列表搜索对最后一个字符的匹配问题</li>\n<li>修复窗口在<code>较小</code>模式下最小化/关闭按钮不居中的问题</li>\n</ul>\n<h3>优化</h3>\n<ul>\n<li>桌面歌词当前播放行改为上下居中</li>\n<li>为区分静音状态，静音时音量条会变淡，调整音量条时将会取消静音</li>\n<li>优化随机播放机制，现在通过<code>下一曲</code>切换歌曲时，直到播放完整个列表之前将不会再随机到之前播放过的歌曲，并且通过<code>上一曲</code>可以正确播放上一首歌曲</li>\n<li>当下载目录没有写入权限时将显示没有写入权限的提示</li>\n</ul>\n<h3>移除</h3>\n<ul>\n<li>移除默认的全局声音媒体快捷键接管</li>\n<li>移除对百度音乐的支持，因百度音乐原有的大部分API失效，而且该平台相对其他平台来说音乐太少了，可有可无，以后再看情况恢复</li>\n</ul>\n<h3>其他</h3>\n<ul>\n<li>更新electron到 10.1.2</li>\n</ul>\n"},{"version":"1.0.1","desc":"<h3>优化</h3>\n<ul>\n<li>对我的列表歌曲搜索结果进行相似度排序</li>\n</ul>\n<h3>修复</h3>\n<ul>\n<li>修复在 Windows 系统下缩放比非100%时，拖动桌面歌词会自动加大桌面歌词窗口的问题</li>\n</ul>\n"},{"version":"1.0.0","desc":"<h3>新增</h3>\n<ul>\n<li>新增<code>rpm</code>、<code>pacman</code>包的构建（未测试可用性）</li>\n<li>新增因系统音频设备列表改变导致的当前音频输出设备改变时是否暂停播放的设置，默认关闭</li>\n<li>新增歌曲列表右击菜单</li>\n<li>新增自定义列表，创建列表的按钮在表头<code>#</code>左侧，鼠标移上去才会显示；编辑列表名字时，按<code>ESC</code>键可快速取消编辑，按回车键或使输入框失去焦点即可保存列表名字，右击列表可编辑已创建的列表，“试听列表”与“我的收藏”两个列表固定不可编辑</li>\n<li>改变排行榜布局，新增更多排行榜</li>\n<li>新增我的列表右键菜单复制歌曲名选项</li>\n<li>新增桌面歌词，默认关闭，可到设置或者托盘菜单开启（建议使用全局快捷键控制）；调整字体大小、透明度时，鼠标左击按钮正常调整，右击微调；<strong>Windows 7未开启Aero效果时桌面歌词会有问题</strong>，详情看常见问题解决；Linux版桌面歌词有问题，以后再尝试优化；</li>\n<li>新增“清热板蓝”皮肤</li>\n<li>新增软件最小化、关闭按钮位置设置，MAC版默认为左边，非MAC为右边，不想用默认的可到设置修改</li>\n<li>新增快捷键设置，软件内快捷键默认开启，全局快捷键默认关闭（注：若想开启蓝牙耳机切歌需开启全局快捷键，当快捷键被中划线划掉时，表示当前快捷键被其他程序占用导致注册失败）</li>\n<li>新增首次运行时自动根据当前系统使用的语言设置软件显示的语言</li>\n<li>新增歌词区域的触摸板、鼠标滚轮等对歌词滚动的支持</li>\n<li>为了方便支持正版资源，歌曲列表右击菜单新增跳转到当前歌曲源官方详情页菜单（注意：在本版本之前添加的虾米源歌曲无法跳转详情页，需要移除后重新搜索添加）</li>\n<li>新增我的列表内歌曲搜索，在我的列表按<code>ctrl+f</code>将显示搜索框；鼠标滑过或键盘上下方向键选择搜索结果；鼠标点击或按回车键定位选中的歌曲；按<code>ctrl</code>键的情况下鼠标点击或按回车键确认定位歌曲时，将会在定位歌曲结束后播放该歌曲（搜索框激活的情况下按<code>esc</code>可快速清空搜索框/关闭搜索框）</li>\n<li>新增托盘图标样式设置，可到设置-其他切换</li>\n<li>新增开关下载功能控制，默认关闭，可到设置-下载设置开启</li>\n<li>新增将歌词嵌入音频文件中，默认关闭，可到设置-下载设置开启</li>\n<li>新增当列表文件损坏时对损坏文件的备份，若出现该情况可打开<code>%HOMEPATH%\\AppData\\Roaming\\lx-music-desktop</code>找到<code>playList.json.bak</code>尝试手动修复列表文件，列表文件以<code>JSON</code>格式存储</li>\n<li>新增在歌单详情列表按退格（Backspace）键可快速返回歌单列表</li>\n</ul>\n<h3>优化</h3>\n<ul>\n<li>改进歌曲切换时的歌词滚动效果</li>\n<li>优化批量添加、删除播放列表的歌曲操作逻辑，大幅提升批量添加、删除列表歌曲的流畅度</li>\n<li>改进歌单列表展示</li>\n<li><strong>改进聚合搜索的搜索结果排序</strong>，修复当某些源搜索失败时导致其他源无法显示结果的问题，现在聚合搜索已达到最初的理想效果，为了使排序更精确，<strong>建议同时输入 歌曲名 歌手名 搜索</strong>（歌曲名在前歌手名在后），欢迎体验~！</li>\n<li>压缩备份数据文件大小</li>\n</ul>\n<h3>修复</h3>\n<ul>\n<li>修复按住<code>Ctrl</code>等键触发多选机制时不松开按键的情况下切换到其他窗口后再松开按键，这时切回软件不按按键都处在多选模式的问题</li>\n<li>修复Linux版开启托盘无法退出的问题</li>\n<li>修复某些情况下可能导致的音源输出问题</li>\n<li>修复某些情况下无法开始下载任务的问题</li>\n<li>修复 tab 组件边框溢出问题</li>\n<li>修复错误更新试听列表外的歌曲时间的问题</li>\n<li>修复网易音乐源歌单、排行榜歌曲列表加载显示的数量与实际不对的问题，同时支持加载大于1000首歌的歌单（歌曲大于1000首会分页），注意：目前软件一下子显示太多歌曲时会卡顿，不建议在同一列表内添加太多歌曲</li>\n<li>修复歌曲图片链接没有扩展名的情况下无法嵌入图片的问题</li>\n<li>修复无法检测最新版本时弹窗提示的显示</li>\n<li>修复某些情况下从托盘还原窗口后无法操作的问题</li>\n<li>修复Linux下无法<code>ctrl+a</code>全选的问题</li>\n<li>修复主题背景图片覆盖不全的问题</li>\n<li>修复聚合搜索音源标签的皮肤配色问题</li>\n</ul>\n<h3>更变</h3>\n<ul>\n<li>修改设置-列表-是否显示歌曲源的默认设置为选中（该变更不影响之前的设置）</li>\n<li>移除浮动按钮，现在在多选完成后可鼠标右击随意一项在弹出的右键菜单中进行原来悬浮按钮的操作</li>\n<li>为了避免出现误会，现在下载弹窗中不可用的音质将直接隐藏</li>\n<li>更改初始设置的搜索设置为聚合搜索（该变更不影响之前的设置）</li>\n</ul>\n<h3>其他</h3>\n<ul>\n<li>更新 Electron 到 9.1.1</li>\n</ul>\n"},{"version":"0.18.2","desc":"<h3>修复</h3>\n<ul>\n<li>修复开启托盘时，可能导致无法自动更新的问题</li>\n</ul>\n"},{"version":"0.18.1","desc":"<h3>优化</h3>\n<ul>\n<li>win下的托盘图标使用更大的图片</li>\n<li>加长软件协议的强制停留时间</li>\n</ul>\n<h3>修复</h3>\n<ul>\n<li>修复导入设置某些设置未立即生效的问题</li>\n</ul>\n"},{"version":"0.18.0","desc":"<h3>新增</h3>\n<ul>\n<li>新增FLAC格式音乐标签信息写入与封面嵌入（因128k以外的音质已失效，目前该功能用不上了）</li>\n<li>添加软件启动时是否自动聚焦搜索框的设置</li>\n<li>新增托盘设置，默认关闭，可到设置开启，感谢 @LasyIsLazy 提交的PR</li>\n<li>新增打开酷狗源用户歌单</li>\n<li>新增使用协议</li>\n<li>新增虾米音源</li>\n<li>新增新皮肤“粉妆玉琢”、“青出于黑”，可去体验下~</li>\n<li>新增“超大”、“巨大”窗口尺寸</li>\n<li>新增播放详情页（退出详情页可点击右上角退出按钮或者在播放详情页任意地方<strong>鼠标快速右击两次</strong>）</li>\n</ul>\n<h3>优化</h3>\n<ul>\n<li>略微加深音量条底色</li>\n<li>优化其他界面细节</li>\n<li>优化英语翻译，感谢 @CPCer</li>\n<li>优化程序的流畅度</li>\n</ul>\n<h3>更变</h3>\n<ul>\n<li>下载列表的歌曲下载、播放将随设置中的保存路径改变而改变，不再固定指向其初始位置</li>\n<li>移除列表多选框，现在多选需要键盘配合，想要多选前需按下<code>Shift</code>或<code>Ctrl</code>键然后再鼠标点击想要选中的内容即可触发多选机制，其中<code>Shift</code>键用于连续选择，<code>Ctrl</code>键用于不连续选择，<code>Ctrl+a</code>用于快速全选。例子一：想要选中1-5项，则先按下<code>Shift</code>键后，鼠标点击第一项，再点击第五项即可完成选择；例子二：想要选中1项与第3项，则先按下<code>Ctrl</code>键后，鼠标点击第一项，再点击第三项即可完成选择；例子三：想要选中当前列表的全部内容，键盘先按下<code>Ctrl</code>键不放，然后按<code>a</code>键，即可完成选择。用<code>Shift</code>或<code>Ctrl</code>选择时，鼠标点击未选中的内容会将其选中，点击已选择的内容会将其取消选择，若想全部取消选择，在不按<code>Shift</code>或<code>Alt</code>键的情况下，随意点击列表里的一项内容即可全部取消选择。(P.S：<code>Ctrl</code>键对应Mac OS上的<code>Command</code>键)</li>\n<li>现在进度条的封面图左击改为打开播放详情页，在列表定位歌曲改为右击</li>\n</ul>\n<h3>修复</h3>\n<ul>\n<li>修复网易源某些歌曲提示没有可播放的音质的问题</li>\n<li>修复下载管理刷新URL失败时不标记任务下载失败的问题</li>\n<li>修复列表导出的文字描述，感谢 @CPCer</li>\n<li>修复歌曲切换方式无法取消勾选的问题</li>\n<li>修复打开歌单详情的情况下切到其他界面再切回来报错的问题</li>\n<li>修正播放列表浮动按钮错误的文字提示</li>\n</ul>\n<h3>移除</h3>\n<ul>\n<li>因128k以外的音质失效，So 禁止所有128k外的音质下载</li>\n</ul>\n<h3>其他</h3>\n<p>更新 Electron 到 8.2.5</p>\n"},{"version":"0.17.0","desc":"<h3>新增</h3>\n<ul>\n<li>新增多语言设置，目前软件内置了简体中文、繁体中文、英语三种语言，欢迎提交PR翻译更多语言！</li>\n<li>新增无法打开外部歌单FAQ</li>\n<li>新增启动参数<code>search</code>，使用例子：<code>.\\lx-music-desktop.exe -search=&quot;突然的自我 - 伍佰&quot;</code></li>\n<li>新增音频输出设置</li>\n<li>新增软件内的包括字体在内的界面内容大小调整，现在当窗口大小切换到“较小/大/较大”时，软件内的元素将会适当减小或加大，窗口大小的“小”与“中”内的元素将保持之前的大小暂不做改变</li>\n<li>新增音源别名，默认将显示别名，想要显示回原名可到设置切换（免责声明：别名仅是本软件用于描述各音源的标签，其名字归版权方所有）</li>\n<li>新增发现新版本更新失败弹窗的忽略提醒按钮，忽略提醒后，以后同一个版本再失败时将不会弹窗提醒，但仍可到设置-版本更新手动点开更新弹窗查看或恢复提醒</li>\n<li>新增热搜词，默认关闭，可到设置开启</li>\n<li>新增历史搜索记录，默认关闭，可到设置开启（右击单个历史记录标签可移除所点击的记录）</li>\n</ul>\n<h3>优化</h3>\n<ul>\n<li>优化月里嫦娥皮肤侧栏鼠标悬浮颜色</li>\n<li>优化播放进度条的动画效果</li>\n<li>现在添加下载任务时，后面添加的任务会在列表顶部插入</li>\n<li>优化歌单打开机制，现在歌单加载失败时会提示加载失败了，并且支持直接打开企鹅、酷我手机分享出来的歌单了</li>\n<li>优化右上角最小化/关闭按钮布局</li>\n</ul>\n<h3>修复</h3>\n<ul>\n<li>修复歌单详情处于加载状态时无法返回的问题</li>\n<li>修复鼠标右击复制列表内容时会复制音质标签的问题</li>\n<li>修复<code>0.6.2</code>及以前的版本导出的“所有数据”内的歌曲列表无法导入的问题</li>\n<li>修复下载列表在某些情况下无法取消全选的问题</li>\n</ul>\n<h3>其他</h3>\n<ul>\n<li>更新Electron到 8.1.1</li>\n</ul>\n"},{"version":"0.16.0","desc":"<h3>新增</h3>\n<ul>\n<li>允许选中列表内歌曲名、歌手名、专辑名内的文字，选中后可使用键盘快捷键进行复制</li>\n<li>新增在列表可选内容区域<strong>鼠标右击</strong>时自动复制列表已选文字的功能</li>\n<li>新增在搜索框<strong>鼠标右击</strong>时自动粘贴剪贴板的文本到搜索框中</li>\n<li>任务下载失败时将显示搜索按钮，方便在其他源搜索该歌曲</li>\n</ul>\n<h3>优化</h3>\n<ul>\n<li>优化木叶之村主题翻页器背景颜色</li>\n<li>优化各个主题音质标签颜色</li>\n<li>优化其他一些界面细节及用户交互效果</li>\n</ul>\n<h3>修复</h3>\n<ul>\n<li>修复启用透明窗口鼠标不穿透的bug</li>\n<li>修复大窗口时设置的音乐来源选项不换行的问题</li>\n<li>修复某些情况下暂停任务会自动开始任务的问题</li>\n<li>修复移除暂停、错误的任务时不删除未下载完成的文件的问题</li>\n<li>修复酷狗源歌单热门标签歌单列表无法加载问题</li>\n<li>修复QQ源歌单热门标签歌单列表无法加载问题</li>\n</ul>\n<h3>其他</h3>\n<ul>\n<li>更新electron到 8.0.1</li>\n</ul>\n"},{"version":"0.15.0","desc":"<p>洛雪提前祝大家新年快乐、身体健康、阖家幸福！</p>\n<h3>修复</h3>\n<ul>\n<li>修复歌曲下载列表无法加载的问题</li>\n<li>修复歌曲下载任务数大于最大下载任务数的问题</li>\n<li>修复某些情况下歌曲下载错误的问题</li>\n<li>修复下载列表数据没有被迁移直接被丢弃的问题</li>\n</ul>\n"},{"version":"0.14.1","desc":"<p>洛雪提前祝大家新年快乐、身体健康、阖家幸福！</p>\n<h3>修复</h3>\n<ul>\n<li>修复由于旧版配置文件迁移出错导致的软件界面无法显示的问题</li>\n</ul>\n"},{"version":"0.14.0","desc":"<p>洛雪提前祝大家新年快乐、身体健康、阖家幸福！</p>\n<h3>新增</h3>\n<ul>\n<li>新增各大平台歌单热门标签显示（显示在歌单界面的第一个下拉标签菜单中）</li>\n<li>恢复QQ音乐源128k音质试听</li>\n<li>新增不强制win7开启透明效果即可使用，但要配置运行参数<code>-nt</code>，例如：<code>.\\lx-music-desktop.exe -nt</code>，添加方法可自行百度“给快捷方式加参数”</li>\n<li>新增“新年快乐”主题，可自行切换体验</li>\n</ul>\n<h3>优化</h3>\n<ul>\n<li>减淡各个主题的歌曲列表分隔线颜色</li>\n<li>在线音乐列表音质标签优化，当歌曲有无损音质时隐藏高品质标签</li>\n<li>更新改进的歌词播放插件，现在歌词的播放显示将更准确</li>\n</ul>\n<h3>修复</h3>\n<ul>\n<li>修复咪咕源无法搜索的问题</li>\n<li>修复更新弹窗底部文字颜色没有适配当前主题颜色的问题</li>\n<li>修复导入设置窗口大小、代理设置不立即生效的问题</li>\n<li>修复在线音乐列表获取失败时无限循环请求的问题</li>\n</ul>\n<h3>其他</h3>\n<ul>\n<li>将软件设置与播放列表分离存储成两个文件</li>\n<li>更新 Electron 到 7.1.9</li>\n</ul>\n"},{"version":"0.13.1","desc":"<h3>修复</h3>\n<ul>\n<li>修复全局更新弹窗无法遮盖搜索框的问题</li>\n</ul>\n<h3>其他</h3>\n<ul>\n<li>由于electron 7.1.3 - 7.1.5 的自动更新功能存在Bug，现降级到7.1.2</li>\n</ul>\n"},{"version":"0.13.0","desc":"<h3>新增</h3>\n<ul>\n<li>新增搜索框搜索建议键盘上下方向键选择功能</li>\n<li>聚合搜索新增音源显示</li>\n<li>新增“离开搜索界面时清空搜索列表”设置选项，默认关闭，可到设置-强迫症设置开启</li>\n</ul>\n<h3>优化</h3>\n<ul>\n<li>优化“信口雌黄”皮肤配色</li>\n</ul>\n<h3>修复</h3>\n<ul>\n<li>修复存在弹出层时，搜索建议列表被弹出层覆盖的问题</li>\n<li>修复搜索、排行榜、歌单列表多选框从不定状态到选中的Bug</li>\n</ul>\n<h3>移除</h3>\n<ul>\n<li>因Q音接口失效，移除Q音源的试听与下载</li>\n</ul>\n<h3>其他</h3>\n<ul>\n<li>更新electron到7.1.5</li>\n<li>更新vue到2.6.11</li>\n</ul>\n"},{"version":"0.12.1","desc":"<h3>优化</h3>\n<ul>\n<li>优化定位歌曲时的列表滚动机制</li>\n<li>优化链接点击效果</li>\n</ul>\n<h3>修复</h3>\n<ul>\n<li>修复使用酷我源下载歌曲时，当歌曲无封面时下载报错的问题</li>\n<li>修复酷我源排行榜、歌单详情列表里的歌曲音质匹配问题（原来无论歌曲有无高品、无损都会显示有）</li>\n<li>禁止外部链接在软件内打开，将所有外部链接从默认浏览器打开</li>\n</ul>\n<h3>其他</h3>\n<ul>\n<li>更新electron到7.1.2</li>\n</ul>\n"},{"version":"0.12.0","desc":"<p>由于新下载库仍然没有完成，但下载功能已经可用，so 移除之前使用的第三方下载库，暂时把新下载库的下载模块直接加入本程序，若出现下载问题欢迎反馈！</p>\n<h3>新增</h3>\n<ul>\n<li>新增下载功能对代理设置的支持，现在若在软件设置了代理服务器，下载功能也将会走代理网络了</li>\n</ul>\n<h3>优化</h3>\n<ul>\n<li>新下载模块将对恢复下载的任务进行字节校验，用于解决下载进度超过100%后仍然下载的问题</li>\n<li>注意：目前仍然无法暂停处于<strong>链接获取</strong>状态中的任务</li>\n</ul>\n<h3>修复</h3>\n<ul>\n<li>修复Linux deb版本<code>.desktop</code>桌面文件缺少图标的问题，新增中文名称显示、软件分类，感谢@lowy的反馈！</li>\n<li>修复下载列表歌曲状态分类列表操作Bug</li>\n<li>修复歌曲封面下载失败时仍然执行嵌入封面操作导致报错的问题</li>\n<li>跳过重复添加<strong>相同歌曲名与扩展名的歌曲</strong>，例如你之前下载了A歌曲的128k音质，现在想要下载它的320k音质，但由于两者都是MP3格式，会因为重名导致之前的128k音质被覆盖但列表中仍然显示两种音质的问题（但实际上都是指向后面的320k音质）</li>\n</ul>\n"},{"version":"0.11.0","desc":"<h3>新增</h3>\n<ul>\n<li>新增歌曲缓冲定时器，尝试用于解决网络正常但是歌曲缓冲过久的问题</li>\n<li>新增下载管理的任务状态分类</li>\n<li>添加<strong>杀毒软件提示有病毒或恶意行为</strong>的说明，可到<strong>常见问题</strong>拉到最后查看（常见问题可在开源地址找到）</li>\n</ul>\n<h3>优化</h3>\n<ul>\n<li>优化更新弹窗机制及其内容描述，对于可以自动更新的版本，现在可以看到软件的下载进度了</li>\n</ul>\n"},{"version":"0.10.0","desc":"<h4>优化</h4>\n<ul>\n<li>大幅减少程序<strong>播放时</strong>对CPU与GPU的使用，经测试CPU使用减少60%以上，GPU使用减少90%以上，这应该能解决MAC系统上的温度上涨的问题</li>\n</ul>\n<h4>修复</h4>\n<ul>\n<li>修复酷我源<strong>搜索提示</strong>、<strong>排行榜</strong>无法获取的问题</li>\n<li>修复咪咕源无法播放的问题</li>\n</ul>\n"},{"version":"0.9.1","desc":"<h4>修复</h4>\n<ul>\n<li>修复没有配置文件时程序启动出错的问题</li>\n</ul>\n"},{"version":"0.9.0","desc":"<h4>新增</h4>\n<ul>\n<li>新增窗口大小设置，若觉得软件窗口小可以到设置页调大点</li>\n<li>新增定位当前播放歌曲，点击播放栏左侧的<strong>歌曲图片</strong>可在播放列表定位当前播放的歌曲（该功能对播放下载列表的歌曲无效）</li>\n</ul>\n<h4>修复</h4>\n<ul>\n<li>修复搜索提示失效的问题</li>\n<li>修复从歌单或列表点击搜索按钮搜索目标歌曲时，搜索框未聚焦仍然弹出候选搜索列表的问题</li>\n</ul>\n"},{"version":"0.8.2","desc":"<h4>修复</h4>\n<ul>\n<li>兼容旧版酷我源搜索列表过滤128k音质的bug（注：0.8.1版本仅修复了酷我源的歌曲过滤问题，该修复仅对以后添加的歌曲有效，如果是之前添加的歌曲仍会出现这个问题，现修复对之前旧列表数据的兼容处理）</li>\n</ul>\n"},{"version":"0.8.1","desc":"<h4>修复</h4>\n<ul>\n<li>修复酷我源搜索歌曲结果未添加128k音质导致播放128k音质时显示“该歌曲没有可播放的音频”的问题</li>\n</ul>\n"},{"version":"0.8.0","desc":"<h4>新增</h4>\n<ul>\n<li>新增网易云源歌曲搜索</li>\n<li>新增网易云源歌单</li>\n<li>新增各平台通过输入歌单链接或歌单ID打开歌单详情列表，目前只适配了<strong>网页版歌单链接</strong>，其他方式的歌单链接可能无法解析，但你可想办法获取歌单ID后输入打开。注：各平台歌单ID均为纯数字，若遇到链接里存在歌单ID但无法解析的歌单链接，可以到GitHub提交issue或发送邮件或加群830125506反馈！</li>\n<li>新增音量调整滑动功能，现在支持鼠标左右拖动调整音量了</li>\n</ul>\n<h4>优化</h4>\n<ul>\n<li>优化搜索框搜索体验</li>\n<li>优化音量条交互视觉效果</li>\n<li>缓存歌单详情列表数据</li>\n</ul>\n<h4>修复</h4>\n<ul>\n<li>修复QQ源歌单无法翻页Bug</li>\n<li>修复默认列表没有创建时无法显示收藏列表的Bug</li>\n<li>修复网易云128k直接试听</li>\n<li>修复歌曲音质不存在时仍然播放或下载的Bug</li>\n<li>修复调整音量时，调整的位置与鼠标点击的位置不一致的问题</li>\n</ul>\n"},{"version":"0.7.0","desc":"<h4>新增</h4>\n<ul>\n<li>新增“我的收藏”本地播放列表</li>\n<li>新增缓存清理功能，可到<strong>设置-其他</strong>查看与清理软件缓存</li>\n<li>新增QQ音乐源搜索</li>\n<li>新增咪咕源搜索</li>\n<li>新增咪咕源歌单</li>\n<li>新增咪咕源排行榜</li>\n<li>新增我的音乐列表歌曲源显示，默认关闭，可到<strong>设置-列表设置</strong>开启</li>\n</ul>\n<h4>优化</h4>\n<ul>\n<li>优化选择框动画效果</li>\n<li>尝试优化选我的音乐列表内容很多时多选的卡顿问题</li>\n</ul>\n<h4>修复</h4>\n<ul>\n<li>修复列表延迟显示的Bug</li>\n<li>修复QQ音源128k音质试听</li>\n</ul>\n"},{"version":"0.6.2","desc":"<p>祝贺祖国成立70周年~！</p>\n<h4>新增</h4>\n<ul>\n<li>新增QQ音乐源歌单</li>\n</ul>\n<h4>修复</h4>\n<ul>\n<li>修正火影皮肤名字</li>\n<li>修复当试听列表为空时，无法切到其他界面的Bug</li>\n<li>修复百度源搜索结果为空时的接口处理Bug</li>\n<li>恢复<strong>酷狗</strong>其他音质播放</li>\n</ul>\n"},{"version":"0.6.1","desc":"<h3>新增</h3>\n<ul>\n<li>新增试听列表<strong>滚动条位置恢复</strong>设置（可自动恢复到上次离开时的列表滚动位置），本功能默认开启，若不需要可到设置-列表设置将其关闭</li>\n<li>新增 <strong>《海贼王》</strong> 皮肤，喜欢个性化的可以试试~</li>\n</ul>\n<h3>优化</h3>\n<ul>\n<li>新增DNS解析缓存，加快请求速度</li>\n<li>优化代码逻辑，减少软件对系统资源的占用</li>\n<li>优化新版本信息检测，尽量减少弹出版本获取失败弹窗弹出的概率</li>\n<li>优化下拉列表动画效果</li>\n</ul>\n<h3>修复</h3>\n<ul>\n<li>修复请求超时的逻辑处理Bug，尝试修复请求无法取消导致的正在播放的歌曲与界面显示的信息不一致的问题</li>\n<li>修复其他一些小Bug</li>\n</ul>\n<h3>移除</h3>\n<ul>\n<li>移除 <code>192k</code> 音质</li>\n<li>移除酷我音源 <code>ape</code> 音质，无损推荐 <code>flac</code> 格式</li>\n</ul>\n"},{"version":"0.6.0","desc":"<h3>新增</h3>\n<ul>\n<li>新增音乐<strong>聚合搜索</strong>，目前支持酷我、酷狗、百度源搜索</li>\n<li>新增代理功能</li>\n</ul>\n<h3>优化</h3>\n<ul>\n<li>优化从《梦里嫦娥》皮肤切换到其他皮肤时侧栏动画的切换效果</li>\n</ul>\n<h3>修复</h3>\n<ul>\n<li>修复试听列表没有歌曲时会显示列表加载中的Bug</li>\n<li>修复切换歌单列表详情时的UI Bug</li>\n</ul>\n"},{"version":"0.5.5","desc":"<h3>新增</h3>\n<ul>\n<li>月是故乡明，祝大家中秋快乐🥮~~新增个性皮肤**《月里嫦娥》**，时间仓促，皮肤还不是很完善，可以试试喜不喜欢~😉</li>\n<li>新增 MAC 版本退出快捷键支持</li>\n<li>新增点击播放器中的歌曲标题可以复制标题的功能（遇到好听的歌曲方便分享）</li>\n</ul>\n<h3>修复</h3>\n<ul>\n<li>修复 MAC 系统下软件关闭时再次从 dock 打开时报错的Bug</li>\n<li>修复下载的歌曲文件名中包含命名规则不允许的符号时下载失败的问题（若歌曲名包含这些符号会自动将其移除）</li>\n<li>修复 MAC 版本不能复制粘贴的问题</li>\n</ul>\n"},{"version":"0.5.4","desc":"<h3>移除</h3>\n<ul>\n<li>下载的FLAC文件在修改歌曲信息后，软件无法播放，但使用本地播放器可以播放</li>\n<li>为了稳妥起见，暂时移除FLAC格式的meta信息修改</li>\n<li>MP3格式无此问题</li>\n</ul>\n"},{"version":"0.5.3","desc":"<h3>优化</h3>\n<ul>\n<li>更新所有依赖包到最新</li>\n</ul>\n<h3>修复</h3>\n<ul>\n<li>修复试听酷狗源的音乐仍然获取320k音质导致获取失败的Bug</li>\n</ul>\n"},{"version":"0.5.2","desc":"<h3>新增</h3>\n<ul>\n<li>新增强迫症设置-离开搜索界面时是否清空搜索框</li>\n<li>设置-关于板块新增常见问题链接</li>\n<li>歌单左上角的分类按钮添加一个<strong>向下图标</strong>，方便识别该按钮为下拉框（该按钮可选择歌单类型，请自行尝试）</li>\n</ul>\n<h3>优化</h3>\n<ul>\n<li>略微优化最小化按钮字符</li>\n<li>优化试听列表的加载体验，当歌曲数过多时列表将延迟加载</li>\n</ul>\n<h3>修复</h3>\n<ul>\n<li>修复下载管理的一些Bug</li>\n</ul>\n<h3>移除</h3>\n<ul>\n<li>因接口失效，移除网易云音源，酷狗音源仅支持播放128k音质</li>\n</ul>\n"},{"version":"0.5.1","desc":"<h3>新增</h3>\n<ul>\n<li>新增右上角最小化/关闭按钮鼠标滑过符号</li>\n<li>新增下载列表定位文件按钮</li>\n</ul>\n<h3>修复</h3>\n<ul>\n<li>修复百度源歌单全部分类无法加载的问题</li>\n<li>修复更新弹窗无法弹出的问题</li>\n</ul>\n"},{"version":"0.5.0","desc":"<h3>新增</h3>\n<ul>\n<li>新增<strong>封面嵌入</strong>（默认开启，可到设置-下载设置关闭）</li>\n<li>新增<strong>歌词下载</strong>（默认关闭，可到设置-下载设置开启）</li>\n<li>新增单例应用功能（实现软件单开功能，禁止软件多开）</li>\n</ul>\n<h3>优化</h3>\n<ul>\n<li>优化歌单列表动画</li>\n</ul>\n<h3>修复</h3>\n<ul>\n<li>修复歌单无法翻页的问题</li>\n<li>修复在某些情况下，添加下载歌曲导致下载列表崩溃的问题</li>\n<li>修复版本更新弹窗Bug</li>\n<li>修复酷狗歌单推荐歌单出现在其他分类中的Bug</li>\n</ul>\n"},{"version":"0.4.0","desc":"<h3>新增</h3>\n<ul>\n<li>新增<strong>歌单</strong>功能，目前支持酷我、酷狗、百度源歌单</li>\n<li>在设置界面-关于洛雪音乐说明部分新增<strong>最新版网盘下载地址</strong>与<strong>打赏地址</strong></li>\n<li>新增酷狗 电音热歌榜、DJ热歌榜</li>\n<li>新增版本更新超时功能，对于部分无法访问GitHub的用户做更新超时提醒</li>\n</ul>\n<h3>移除</h3>\n<ul>\n<li><strong>注意</strong>：0.4.0以前的版本即将失效，请更新到0.4.0版本</li>\n</ul>\n"},{"version":"0.3.5","desc":"<h3>新增</h3>\n<ul>\n<li>新增<strong>测试接口</strong>，该接口同样速度较慢，但软件的大部分功能可用，<strong>请自行切换到该接口</strong>，找接口辛苦，且用且珍惜！</li>\n</ul>\n<h3>优化</h3>\n<ul>\n<li>取消需要刷新URL时windows任务栏进度显示错误状态（现显示为暂停状态）</li>\n</ul>\n<h3>修复</h3>\n<ul>\n<li>修复使用临时接口时在试听列表双击灰色歌曲仍然会进行播放的Bug</li>\n<li>修复歌词加载Bug</li>\n</ul>\n"},{"version":"0.3.4","desc":"<h3>优化</h3>\n<ul>\n<li>减少接口不稳定带来的影响，适当增加请求等待时间</li>\n</ul>\n<h3>修复</h3>\n<ul>\n<li>修复播放过程中URL过期不会刷新URL的问题</li>\n</ul>\n"},{"version":"0.3.3","desc":"<h3>修复</h3>\n<ul>\n<li><strong>messoer</strong>的接口已经关闭，暂时切换到临时接口使用，部分功能受限。。。</li>\n<li>修复设置界面更新出错时仍然显示更新下载中的问题</li>\n<li>修复手动定位播放进度条时存在偏差的问题</li>\n<li>屏蔽播放器中没有歌曲时对进度条的点击</li>\n</ul>\n"},{"version":"0.3.2","desc":"<h3>新增</h3>\n<ul>\n<li>新增酷狗排行榜其他音质下载</li>\n</ul>\n"},{"version":"0.3.1","desc":"<h3>修复</h3>\n<ul>\n<li>修复音量条主题适配</li>\n</ul>\n"},{"version":"0.3.0","desc":"<h3>新增</h3>\n<ul>\n<li>新增<strong>MAC</strong>及<strong>Linux</strong>版本（需要的可自行下载）</li>\n<li>新增音量调整</li>\n<li>新增任务栏播放进度条控制选项（现在可在设置界面关闭在任务栏显示的播放进度）</li>\n<li>新增更新出错时的弹窗提示</li>\n<li>从该版本起，非安装版也会有更新弹窗提醒了，但仍然需要手动下载新版本更新，版本信息可到设置页面查看</li>\n</ul>\n<h3>修复</h3>\n<ul>\n<li>强制把临时接口设置回 <code>messoer</code> 接口</li>\n</ul>\n"},{"version":"0.2.3","desc":"<h3>新增</h3>\n<ul>\n<li>新增任务栏程序标题改变功能（播放歌曲时任务栏标题将显示当前播放的歌曲）</li>\n</ul>\n<h3>修复</h3>\n<ul>\n<li>使用临时接口时，试听列表中的下载按钮仍然能点击的Bug</li>\n<li>修复某些情况下歌曲链接未能缓存的问题</li>\n</ul>\n<h3>移除</h3>\n<ul>\n<li>移除临时接口（因服务器被攻击，本接口已关闭）</li>\n<li>移除列表栏设置的隐藏专辑栏选项（感觉这个设置并没有什么luan用，并且还会打破布局）</li>\n</ul>\n"},{"version":"0.2.2","desc":"<h3>修复</h3>\n<ul>\n<li>修复下载过程中出错重试5次都失败后不会自动开始下一个任务的Bug</li>\n<li>修复播放到一半URL过期时不会刷新URL直接播放下一首的问题</li>\n</ul>\n"},{"version":"0.2.1","desc":"<h3>优化</h3>\n<ul>\n<li>新增歌曲URL存储，当URL无效时才重新获取，以减少接口不稳定的影响</li>\n</ul>\n<h3>修复</h3>\n<ul>\n<li>修复歌曲加载无法加载时自动切换混乱的Bug</li>\n<li>修复移除列表最后一首歌曲时播放器不停止播放的问题</li>\n</ul>\n"},{"version":"0.2.0","desc":"<h3>新增</h3>\n<ul>\n<li>新增<strong>百度音乐</strong>排行榜及其音乐直接试听与下载</li>\n<li>新增网易云排行榜音乐直接试听与下载（目前仅支持128k音质）</li>\n<li>新增酷狗排行榜音乐直接试听与下载（目前仅支持128k音质）</li>\n</ul>\n<h3>修复</h3>\n<ul>\n<li>修复更新弹窗历史版本描述多余的换行问题</li>\n<li>修复歌曲无法播放的情况下歌词仍会播放的问题</li>\n</ul>\n"},{"version":"0.1.6","desc":"<h3>修复</h3>\n<ul>\n<li>修复列表多选音源限制Bug</li>\n</ul>\n"},{"version":"0.1.5","desc":"<h3>新增</h3>\n<ul>\n<li>新增搜索列表批量试听与下载功能</li>\n<li>新增排行榜列表批量试听与下载功能</li>\n<li>新增试听列表批量移除与下载功能</li>\n<li>新增下载列表批量开始、暂停与移除功能</li>\n</ul>\n<h3>优化</h3>\n<ul>\n<li>优化歌曲切换机制</li>\n</ul>\n"},{"version":"0.1.4","desc":"<h3>新增</h3>\n<ul>\n<li>新增音乐来源切换，可到设置页面-基本设置 look look !</li>\n<li>为搜索结果列表添加多选功能。<br>\nP.S：暂时没想好多选后的操作按钮放哪…</li>\n</ul>\n<h3>优化</h3>\n<ul>\n<li>重构与改进checkbox组件，使其支持不定选中状态</li>\n<li>完善上一个版本的http请求封装并切换部分请求到该方法上</li>\n<li>优化其他一些细节</li>\n</ul>\n"},{"version":"0.1.3","desc":"<h3>新增</h3>\n<ul>\n<li>新增win32应用构建</li>\n</ul>\n<h3>修复</h3>\n<ul>\n<li>修复安装包许可协议乱码问题</li>\n<li><strong>messoer 提供的接口已挂</strong>，暂时切换到临时接口！</li>\n</ul>\n<h3>移除</h3>\n<ul>\n<li>由于messoer接口无法使用，QQ音乐排行榜直接播放/下载功能暂时关闭</li>\n</ul>\n"},{"version":"0.1.2","desc":"<h3>修复</h3>\n<ul>\n<li>修复更新弹窗的内容显示问题</li>\n</ul>\n"},{"version":"0.1.1","desc":"<h3>新增</h3>\n<ul>\n<li>QQ音乐排行榜直接试听与下载（该接口貌似不太稳定，且用且珍惜！）</li>\n</ul>\n<h3>优化</h3>\n<ul>\n<li>优化http请求机制</li>\n<li>更新关于本软件说明</li>\n</ul>\n<h3>修复</h3>\n<ul>\n<li>修复当上一个歌曲链接正在获取时切换歌曲请求不会取消的问题</li>\n<li>修复切换歌曲时仍然播放上一首歌曲的问题</li>\n</ul>\n"},{"version":"0.1.0","desc":"0.1.0版本发布"}]}
